{"cameraMode":{"drawMode":0,"name":"Shaded","section":"Shading Mode"},"sceneLighting":true,"audioPlay":false,"sceneViewState":{"m_AlwaysRefresh":false,"showFog":true,"showSkybox":true,"showFlares":true,"showImageEffects":true,"showParticleSystems":true,"showVisualEffectGraphs":true,"m_FxEnabled":true},"in2DMode":false,"pivot":{"x":4.9922051429748539,"y":7.840455055236816,"z":12.03464412689209},"rotation":{"x":0.3015613853931427,"y":0.08167082816362381,"z":-0.02594291791319847,"w":0.9495828151702881},"size":10.332514762878418,"orthographic":false}