{"cameraMode":{"drawMode":0,"name":"Shaded","section":"Shading Mode"},"sceneLighting":true,"audioPlay":false,"sceneViewState":{"m_AlwaysRefresh":false,"showFog":true,"showSkybox":true,"showFlares":true,"showImageEffects":true,"showParticleSystems":true,"showVisualEffectGraphs":true,"m_FxEnabled":true},"in2DMode":false,"pivot":{"x":-11.140325546264649,"y":22.339824676513673,"z":-10.171747207641602},"rotation":{"x":0.3934682011604309,"y":0.04850183427333832,"z":-0.020799610763788224,"w":0.9178183078765869},"size":12.15164852142334,"orthographic":false}